epoch,train_loss,train_acc,val_loss,val_acc
1,0.3557893540710211,0.8980392156862745,0.367057204246521,0.631578947368421
