epoch,train_loss,train_acc,val_loss,val_acc
1,0.3753714319318533,0.7941176470588235,0.35241395235061646,0.6666666666666666
