fpr,tpr,thresholds
0.0,0.0,inf
0.11363636363636363,0.9204545454545454,1.0
1.0,1.0,0.0
