epoch,train_loss,train_acc,val_loss,val_acc
1,0.35689140297472477,0.8784313725490196,0.3700314611196518,0.631578947368421
