feature,importance
29,0.03237440330761579
40,0.04377418551677316
28,0.08184935044463128
14,0.10707795512159748
manu_37,0.1299958390926294
Sum,0.187025253166491
13,0.41790301335026186
