fpr,tpr,thresholds
0.0,0.0,inf
0.21348314606741572,0.3522727272727273,1.0
1.0,1.0,0.0
