fpr,tpr,thresholds
0.0,0.0,inf
0.35074626865671643,0.746268656716418,1.0
1.0,1.0,0.0
