epoch,train_loss,train_acc,val_loss,val_acc
1,0.5864958055317402,0.7627450980392156,0.5979143977165222,0.631578947368421
