epoch,train_loss,train_acc,val_loss,val_acc
1,0.6673992846323096,0.541782729805014,0.6844462354977926,0.5375
