epoch,train_loss,train_acc,val_loss,val_acc
1,0.6001195430755615,0.7118863049095607,0.46144188443819684,0.8604651162790697
