epoch,train_loss,train_acc,val_loss,val_acc
1,0.3885549771785736,0.7390180878552972,0.36704179644584656,0.7441860465116279
